{
  "schema_version": "1.0",
  "metadata": {
    "act_name": "Civil Law Act 1956",
    "file_key": "civil_law_act_1956",
    "year": "1956",
    "last_updated": "2026-01-17",
    "version": "1.0",
    "total_sections": 9,
    "source": "Migrated from legacy format"
  },
  "sections": [
    {
      "act": "Civil Law Act 1956",
      "section": "1",
      "title": "Short title",
      "text": "2.   Interpretation \n \nPART II \n \nGENERAL \n \n3.   Application of U.K. common law, rules of equity and certain statutes \n4.   Administration of insolvent estates, and winding up of companies \n5.   Application of English law in commercial matters \n6.   Immovable property \n \nPART III \n \nFATAL ACCIDENTS AND SURVIVAL  \nOF CAUSES OF ACTION  \n \n  7.   Compensation to persons entitled for loss occasioned by death  \n  8.   Effect of death on certain causes of action  \n \n \n \n \n \n \n \n--- Page 4 ---\n4                                       Laws of Malaysia                             Act 67 \n \nPART IV \n \nTORTFEASORS AND AWARD OF INTEREST "
    },
    {
      "act": "Civil Law Act 1956",
      "section": "9",
      "title": "(Deleted)",
      "text": "10. Proceedings against, and contribution between, joint and several  \n tortfeasors \n11.   Power of Courts to award interest on debts and damages \n \nPART V \n \nCONTRIBUTORY NEGLIGENCE AND COMMON EMPLOYMENT  \n \n12.   Apportionment of liability in case of contributory negligence \n13.   Saving for Merchant Shipping Ordinance 1952 \n14.   Common employment  \n \nPART VI \n \nFRUSTRATED CONTRACTS \n \n15.   Adjustment of rights and liabilities of parties to frustrated contracts \n16.   Provisions as to application of section 15 \n \nPART VIA \n \nAPPORTIONMENT  \n \n16A.  Interpretation  \n16B.   Rents, etc., to accrue from day to day  \n16C.   Apportioned part of rent, etc., to be payable when next entire portion due \n16D.  Remedies for recovering apportioned parts  \n16E.   Exclusion of policies of assurance \n16F.   Exclusion by express stipulation  \n16G.  Validation of past apportionments  \n \n \n \n \n--- Page 5 ---\nCivil Law                                               5 \n \nPART VII \n \nDISPOSAL AND DEVOLUTION OF PROPERTY "
    },
    {
      "act": "Civil Law Act 1956",
      "section": "17",
      "title": "General restrictions on accumulation of income",
      "text": "18.    Qualification of restrictions on accumulation  \n19.   Restriction on accumulation for the purchase of land \n20. Validation of appointments where objects are excluded or take illusory  \n shares \n21.   Executor deemed to be trustee for person entitled to residue on intestacy  \n22. Charges on property of deceased to be paid primarily out of the property    \n charged  \n \n23. Moneys payable under policy of assurance not to form part of the estate of    \n the insured  \n 24.   Bona vacantia \n25.   Saving  \nPART VIII \n \nMISCELLANEOUS   \n \n26.   Agreement by way of gaming or wagering to be null and void  \n27.   Infants \n28.   No person chargeable with rent bona fide paid to holder under defective title  \n  28A.   Damages in respect of personal injury \n29.   Repeal  \n FIRST SCHEDULE \n SECOND SCHEDULE \n \n \n \n \n \n \n--- Page 6 ---\n \n \n--- Page 7 ---\n7 \n \nLAWS OF MALAYSIA \n \n \nAct 67 \n \n \nCIVIL LAW ACT 1956 \n \n \nAn Act relating to the civil law to be administered in Malaysia. \n \n[Peninsular Malaysia―7 April 1956; \nSabah and Sarawak―1 April 1972, P.U. (A) 424/1971] \n \n \nPART I \n \nPRELIMINARY \n \nShort title  \n \n1. This Act may be cited as the Civil Law Act 1956. \n \n \nInterpretation \n \n2. In this Act, unless the context otherwise requires— \n \n “Court” means any court in Malaysia of competent jurisdiction, and \nincludes any Judge thereof whether sitting in court or in chambers; \n \n “executor” means the executor or administrator of a deceased person, \nand includes, as regards any obligation, any person who takes \npossession of or intermeddles with the property of a deceased person; \n \n “persons with disabilities” has the meaning assigned to it in the \nPersons with Disabilities Act 2008 [Act 685]; \n \n “written law” in relation to any part of Malaysia means written law \nas defined in the law relating to interpretation in that part of Malaysia. \n \n \n \n--- Page 8 ---\n8                                       Laws of Malaysia                             Act 67 \n \nPART II \n \nGENERAL \n \nApplication of U.K. common law, rules of  equity and certain \nstatutes \n \n3. (1) Save so far as other provision has been made or may hereafter \nbe made by any written law in force in Malaysia, the Court shall— \n \n(a) in Peninsular Malaysia or any part thereof, apply the \ncommon law of England and the rules of equity as \nadministered in England on the 7 April 1956; \n \n(b) in Sabah, apply the common law of England and the rules \nof equity, together with statutes of general application, as \nadministered or in force in England on 1 December 1951; \n \n(c) in Sarawak, apply the common law of England and the \nrules of equity, together with statutes of general \napplication, as administered or in force in England on 12 \nDecember 1949, subject however to subparagraph (3)(ii): \n \n Provided always that the said common law, rules of equity a nd \nstatutes of general application shall be applied so far only as the \ncircumstances of the States of Malaysia and their respective \ninhabitants permit and subject to such qualifications as local  \ncircumstances render necessary. \n \n (2) Subject to the express provisions of this Act or any other \nwritten law in force in Malaysia or any part thereof, in the event of \nconflict or variance between the common law and the rules of equity \nwith reference to the same matter, the rules of equity shall prevail. \n \n (3) Without prejudice to the generality of paragraphs (1)(b) and (c) \nand notwithstanding paragraph (1)(c)― \n \n(i)       it is hereby declared that proceedings of a nature such as \nin England are taken on the Crown side of the Queen’s \nBench Division of the High Court by way of habeas \ncorpus or for an order of mandamus, an order of \n--- Page 9 ---\nCivil Law                                               9 \n \n \nprohibition, an order of certiorari or for an  injunction \nrestraining any person who acts in an office in which he \nis not entitled to act, shall be available in Sabah to the \nsame extent and for the like objects and purposes as they \nare available in England; \n \n(ii) the Acts of Parliament of the United Kingdom applied \nto Sarawak under sections 3 and 4 of the Application of \nLaws Ordinance of Sarawak [ Cap. 2] and specified in \nthe Second Schedule of this Act shall, to the extent \nspecified in the second column of the said Schedule, \ncontinue in force in Saraw ak with such formal \nalterations and amendments as may be necessary to \nmake the same a pplicable to the circumstances o f \nSarawak and, in particular, subject to the modifications \nset out in the third column of the said Schedule. \n \n \nAdministration of insolvent estates, and winding up of companies \n \n4. (1)  In the administration by any Court of the assets of any \ndeceased person whose estate proves to be insufficient for the payment \nin full of his debts and liabilities, and in the winding up of any company \nunder any law from time to time in force relating to companies, whose \nassets prove to be insufficient for the payment of its debts and \nliabilities, and the costs of winding up, the same rules shall prevail and \nbe observed, as to the respective rights of secured and unsecured \ncreditors, and as to debts and lia bilities provable, and as to the \nvaluation of annuities and future and contingent liabilities respectively, \nas are in force for the time being, under the law of bankruptcy, with \nrespect to the estates of persons adjudged bankrupt. \n \n (2) All persons who, in any such case, would be entitled to prove \nfor and receive dividends, out of the estate of any such deceased \nperson, or out of the assets of any such company, may come in under \nthe decree or order for the administration of the estate, or under the \nwinding up of the company, and make such claims against the same as \nthey may respectively be entitled to by virtue of this Act. \n \n--- Page 10 ---\n10                                       Laws of Malaysia                             Act 67 \n \n (3) Any absolute assignment, by writing, under the hand of the \nassignor, not purporting to be by way of charge only, of any debt or \nother legal chose in action, of which express notice in writing has been \ngiven to the debtor, trustee or other person from whom the assignor \nwould have been entitled to receive or claim the debt or chose in action, \nshall be, and be deemed to have been, effec tual in law, subject to all \nequities which would have been entitled to priority over the right of \nthe assignee under the law as it existed in the State before the date of \nthe coming into force of this Act, to pass and transfer the legal right to \nthe debt o r chose in action, from the date of the notice, and all legal \nand other remedies for the same, and the power to give a good \ndischarge for the same, without the concurrence of the assignor. \n \n \nApplication of English law in commercial matters \n \n5. (1)  In all questions or issues which arise or which have to be \ndecided in the States of Peninsular Malaysia other than Malacca and \nPenang with respect to the law of partnerships, corporations, banks and \nbanking, principals and agents, carriers by air, land and sea, m arine \ninsurance, average, life and fire insurance, and with respect to \nmercantile law generally, the law to be administered shall be the same \nas would be administered in England in the like case at the date of the \ncoming into force of this Act, if such que stion or issue had arisen or \nhad to be decided in England, unless in any case other provision is or \nshall be made by any written law. \n \n (2) In all questions or issues which arise or which have to be decided \nin the States of Malacca, Penang, Sabah and Sarawak with respect to the \nlaw concerning any of the matters referred to in subsection (1), the law to \nbe administered shall be the same as would be administered in England \nin the like case at the corresponding period, if such question or issue had \narisen or had to be decided in England, unless in any case other provision \nis or shall be made by any written law. \n \n \nImmovable property \n \n6. Nothing in this Part shall be taken to introduce into Malaysia or \nany of the States comprised therein any part of the law of England \nrelating to the tenure or conveyance or assurance of or succession to \nany immovable property or any estate, right or interest therein.  \n \n \n--- Page 11 ---\nCivil Law                                               11 \n \n \nPART III \n \nFATAL ACCIDENTS AND SURVIVAL                                                                \nOF CAUSES OF ACTION \n \nCompensation to persons entitled for loss occasioned by death                                        \n \n7. (1)  Whenever the death of a person is caused by wrongful act,  \nneglect or default,  and the act,  neglect or default is such as would, if \ndeath had not ensu ed, have entitle d the party injured to maintain  an  \naction  and  recover  damages in respect thereof , the party who would \nhave been liable if death had not ensued shall be liable to an action for \ndamages, notwithstanding the death of the person injured, and \nalthough the death has been caused under such circumstances as \namount in law to an offence under the Penal Code [Act 574]. \n \n (2) Every such action shall be for the benefit of the wife, husband, \nparent, child and any person with disabilities under the care, if any, of \nthe person whose death has  been so caused and shall be brought by \nand in the name of the executor of the person deceased. \n \n (3) The damages which the party who shall be liable under \nsubsection (1) to pay to the party for whom and for whose benefit the \naction is brought shall, subject to this section, be such as will \ncompensate the party for whom and for whose benefit the action is \nbrought for any loss of support suffered together with any reasonable \nexpenses incurred as a result of the wrongful act, neglect or default of \nthe party liable under subsection (1): \n  \n  Provided that— \n \n(i) in assessing the d amages there shall not be taken into    \naccount— \n \n(a) any sum paid or payable on the death of the person \ndeceased under any contract of assurance or insurance, \nwhether made before or after the coming into force of \nthis Act; \n--- Page 12 ---\n12                                       Laws of Malaysia                             Act 67 \n \n(b) any sum payable, as a result of the death, under any \nwritten  law relating to employees’ provident fund; \n \n(c) any pension or gratuity, which has been or will or may \nbe paid as a result of the death; or \n \n(d) any sum which has been or will or may be paid under \nany written law relating to the payment of any benefit or \ncompensation whatsoever, in respect of the death; \n \n(ii) damages may be awarded in respect of the funeral expenses \nof the person deceased if such expenses have been incurred \nby the party for whose benefit the action is brought; \n \n(iii) no damages shall be awarded to a parent on the ground only \nof his having been deprived of the services of a child; and no \ndamages shall be awarded to a husband on the ground only \nof his having been deprived of the services or society of his \nwife; and  \n \n(iv) in assessing the loss of earnings in respect of any period after \nthe death of a person where such earnings provide for or \ncontribute to the damages under this section the Court \nshall— \n \n(a) take into account that where the person deceased has \nattained the age of sixty years at the time of his death, \nhis loss of earnings for any period after his death shall \nnot be taken  into consideration; and in the case of any \nother person deceased, his loss of earnings for any \nperiod after his death shall be taken into consideration if \nit is proved or admitted that the person deceased was \nreceiving earnings by his own labour or other gainf ul \nactivity prior to his death; \n \n(b) take into account only the amount relating to the \nearnings as aforesaid and the Court shall not take into \naccount any prospect of the earnings as aforesaid being \nincreased at any period after the person’s death; \n \n \n--- Page 13 ---\nCivil Law                                               13 \n \n \n(c) take into account any diminution of any such amount as \naforesaid by such sum as is proved or admitted to be the \nliving expenses of the person deceased at the time of his \ndeath; \n \n(d) take into account that in the case of a person who was of \nthe age of thirty years and below at the time of his death, \nthe number of years’ purchase shall be 16; and in the \ncase of any other perso n who was of the age range \nextending between thirty one years and fifty-nine years \nat the time of his death, the number of years’ purchase \nshall be calculated by using the figure 60, minus the age \nof the person at the time of death and dividing the \nremainder by the figure 2. \n \n (3A) Any action under this section may consist of or include a claim \nfor damages for bereavement and, subject to subsection (3D), the sum \nto be awarded as damages un der this subsection shall be thirty \nthousand ringgit. \n \n (3B) A claim for damages for bereavement sh all only be for  the \nbenefit of — \n \n(a) the spouse of the person deceased; \n \n(b) the child of the person deceased; and \n \n(c)   the parents of the person deceased.  \n (3C) Where there is a claim for damages under subsection (3B), the \nsum awarded shall be divided equally between them subject to any \ndeduction likely to be made in respect of all costs and expenses \nincluding costs not recovered from the defendant. \n \n (3D) The Yang di-Pertuan Agong may from time to time by order \npublished in the Gazette vary the sum specified in subsection (3A). \n \n (3E) An order made under subsection (3D) shall be published in the \nGazette and as soon as possible thereafter, shall be laid before the \n--- Page 14 ---\n14                                       Laws of Malaysia                             Act 67 \n \nDewan Rakyat; and if the Dewan Rakyat passes a resolution annulling \nthe order, it shall be void but without prejudice to the validity of anything \npreviously done thereunder or to the making of a new order as from the \ndate of notification in the Gazette of the passing of the resolution. \n \n (4) The amount, other than the amount awarded under proviso (iii) \nto subsection (3) and the amount recovered under  subsection (3B), so \nrecovered after deducting all costs and expenses, including the costs \nnot recovered from the defendant, shall be divided amongst the \nbefore-mentioned parties, or any of them in such shar es as the Court \nby its judgment or decree directs. \n \n (5) Not more than one action shall be brought for and in respect \nof the same subject matter of complaint, and every such action shall \nbe brought within three years after the death of the person deceased. \n \n (6) In any such action the executor of the deceased may insert a claim \nfor and recover any pecuniary loss to the estate of the deceased \noccasioned by the wrongful act, neglect, or default, which sum when \nrecovered shall be deemed part of the assets of the estate of the deceased. \n \n (7) The plaint or writ or summons in any such action shall give \nfull particulars of the person or persons for whom or on whose behalf \nthe action is brought, and of the nature of the claim in respect of which \ndamages are sought to be recovered. \n \n (8) If there is no executor of the person deceased or there being an \nexecutor no action as in this section mentioned has, within six calendar \nmonths after the death of the person deceased, been brought by the \nexecutor, the action may be  brought by all or any of the persons, if \nmore than one, for whose benefit the action would have been brought \nif it had been brought by the executor, and every action so to be \nbrought shall be for the benefit of the same person or persons and shall \nbe subject to the same procedure as nearly as may be as if it was \nbrought by the executor. \n \n (9) It shall be sufficient for any defendant in any action brought \nunder this section to pay any money, he is advised to pay into Court \nas a compensation, in one sum to all persons entitled under this section \nfor his wrongful act, neglect or default without specifying the shares \ninto which it is to be divided. \n--- Page 15 ---\nCivil Law                                               15 \n \n \n (10) If the said sum is not accepted and an issue is taken by the \nplaintiff as to its sufficiency and the Court thinks the same sufficient, \nthe defendant shall be entitled to judgment upon that issue. \n \n (11) In this section unless the context otherwise requires— \n     \n   “child” includes son, daughter, grandson, granddaughter, stepson \nand stepdaughter; \n \n“parent” includes father, mother, grandfather and grandmother; \n \n“pension” includes a return of contributions and any payment of a \nlump sum in respect of a person’s employment: \n \n  Provided that in deducing any relationship referred to in this \nsubsection any illegitimate person or any person who has been \nadopted, or whose adoption has been registered, in accordance with \nany written law shall be treated as being or as having been the \nlegitimate offspring of his mother and reputed father or, as the case \nmay be, of his adopters. \n \n \nEffect of death on certain causes of action \n \n8.  (1)  Subject to this section, on death of any person all causes of \naction subsisting against or vested in him shall survive against,  or, as \nthe case may be, for the benefit of, his estate: \n \nProvided that this subsection shall not apply to causes of action for \ndefamation or seduction or for inducing one spouse to leave or remain \napart from the other or to any claim for damages on the ground of \nadultery. \n \n(2) Where a cause of action survives as aforesaid for the benefit of \nthe estate of a deceased person, the damages recoverable for the \nbenefit of the estate of that person— \n \n(a) shall not include any exemplary damages, any damages \nfor bereavement made under subsection 7(3 A), any \n--- Page 16 ---\n16                                       Laws of Malaysia                             Act 67 \n \ndamages for loss of expectation of life and any damages \nfor loss of earnings in respect of any period after that \nperson’s death; \n \n(b) in the case of a breach of promise to marry shall be \nlimited to such damage, if any, to the estate of that person \nas flows from the breach of promise to marry; and \n    \n(c) where the death of that person has been caused by the act \nor omission which gives rise to the cause of action, shall \nbe calculated without reference to any loss or gain to his \nestate consequent on his death, except that a sum in \nrespect of funeral expenses may be included. \n \n (3) No proceedings shall be maintainable in respect of a cause of \naction in tort which by virtue of this section has survived against the \nestate of a deceased person, unless proceedings against him in respect \nof that cause of action either— \n \n(a) were pending at the date of his death; or \n \n(b) are taken not later than six months after his personal \nrepresentative took out representation. \n \n (4) Where damage has been suffered by reason of any act or \nomission in respect of which a cause of action would have subsisted \nagainst any person if that person had not died before or at the same \ntime as the damage was suffered, there shall be deemed, for the \npurposes of this section, to have been subsisting against him before \nhis death such cause of action in respect of that act or omission as \nwould have subsisted if he had died after the damage was suffered. \n \n (5) The rights conferred by this section for the benefit of the estate \nof deceased persons shall be in addition to and not in d erogation of \nany rights conferred on the dependants of deceased persons by section \n7 and so much of this section as relates to causes of action against the \nestates of deceased persons shall apply in relation to causes of action \nunder the said section as it applies in relation to other causes of action \nnot expressly excepted from the operation of subsection (1). \n \n \n \n--- Page 17 ---\nCivil Law                                               17 \n \n \n (6) In the event of the insolvency of an estate against which \nproceedings are maintainable by virtue of this section, any liability in \nrespect of the cause of action in respect of which the proceedings are \nmaintainable shall be deemed to be a debt provable in the \nadministration of the estate, notwithstanding that it is a demand in the \nnature of unliquidated damages arising otherwise than by a con tract, \npromise or breach of trust. \n \n \nPART IV \n \nTORTFEASORS AND AWARD OF INTEREST \n \n9.  (Deleted by Ordinance No. 36 of 1957). \n \n \nProceedings against, and contribution between, joint and several \ntortfeasors \n \n10.  (1)  Where damage is suffered by any person as a result of a tort \n(whether a crime or not) — \n \n(a) judgment recovered against any tortfeasor liable in \nrespect of that damage shall not be a bar to an action \nagainst any other person who would, if sued, have been \nliable as a joint tortfeasor in respect of the same damage; \n \n(b) if more than one action is brought in respect of that \ndamage by or on behalf of the person by whom it was \nsuffered, or for the benefit of the estate, or of the wife, \nhusband, parent or child, of that person, against \ntortfeasors liable in respect of the damage (whether as \njoint tortfeasors or otherwise) the sums recoverable \nunder the judgments given in those actions by way of \ndamages shall not in the aggregate exceed the amount of \nthe damages awarded by the judgment first given; and in \nany of those actions, other than that in which judgment \nis first given, the plaintiff shall not be entitled to costs \nunless the Court is of opinion that there was reasonable \nground for bringing the action; \n--- Page 18 ---\n18                                       Laws of Malaysia                             Act 67 \n \n(c) any tortfeasor liable in respect of tha t damage may \nrecover contribution from any other tortfeasor who is, or \nwould if sued have been, liable in respect of the same \ndamage, whether as a joint tortfeasor or otherwise, so, \nhowever, that no person shall be entitled to recover \ncontribution under this section from any person entitled \nto be indemnified by him in respect of the liability in \nrespect of which the contribution is sought. \n \n (2) In any proceedings for contribution under this section the \namount of the contribution recoverable from any person shall be such \nas may be found by the Court to be just and equitable having regard \nto the extent of that person’s responsibility for the damage, and the \nCourt shall have power to exempt any person from liability to make \ncontribution, or to direct that the contribution to be recovered from \nany person shall amount to a complete indemnity. \n  \n  (3) For the purpose of this section— \n \n(a) the expressions “parent” and “child” have the same \nmeanings as they have for the purposes of section 7; and \n \n(b) the reference in paragraph (1)(b) to “the judgment first \ngiven” shall, in a case where that judgment is reversed \non appeal, be construed as a reference to the judgment \nfirst given which is not so reversed and, in a  case where \na j udgment is varied on appeal, be construed as  a \nreference to that judgment as so varied. \n \n (4) Nothing in this section shall— \n \n(a) affect any criminal proceedings against any person in \nrespect of any wrongful act; or \n \n(b) render enforceable any agreement for indemnity which \nwould not have been enforceable if  this section had not \nbeen enacted. \n \n \n \n \n \n \n--- Page 19 ---\nCivil Law                                               19 \n \n \nPower of Courts to award interest on debts and damages \n \n11.  (1)  In any proceedings tried in any Court for the recovery of any \ndebt or damages, the Court may, if it thinks fit, order that there shall \nbe included in the sum for which judgment is given interest  as such \nrate as it thinks fit on the whole or any part of the debt or damages for \nthe whole or any part of the period between the date when the cause \nof action arose and the date of the judgment:  \n \n  Provided that nothing in this section— \n \n(a) shall authorize the giving of interest upon interest; \n \n(b) shall apply in relation to any debt upon which interest is \npayable as of right whether by virtue of  any agreement \nor otherwise; or \n \n(c) shall affect the damages recoverable for the dishonor of \na bill of exchange. \n \n (2) Where interest is awarded under subsection (1) for recovery of \ndamages under section 6 A of the Limitation Act 1953 [ Act 254], the \ninterest may be given for the whole or any part of the period between \nthe starting date and the date of the judgment.  \n \n (3) For the purpose s of subsection (2), “starting date” has the \nmeaning assigned to it in the Limitation Act 1953.   \n \n \nPART V \n \nCONTRIBUTORY NEGLIGENCE AND \nCOMMON EMPLOYMENT \n \nApportionment of liability in case of contributory negligence \n \n12. (1) Where any person suffers damage as the result partly of his \nown fault and partly of the fault of any other person, a claim in respect \nof t hat damage shall not be defeated by reason of the fault of the \nperson suffering the damage, but the damages recoverable in respect \n--- Page 20 ---\n20                                       Laws of Malaysia                             Act 67 \n \nthereof shall be reduced to such extent as the Court thinks just and \nequitable having regard to the claimant’s share in the r esponsibility \nfor the damage: \n \n  Provided that— \n \n(a) this subsection shall no t operate to defeat any defence \narising under a contract; and \n \n(b) where any contract or written law providing for the \nlimitation of liability is applicable to the claim the  \namount of damages recoverable by the claimant by virtue \nof this subsection shall not exceed the maximum limit so \napplicable. \n \n (2) Where damages are recoverable by any person by virtue of the \nforegoing subsection subject to such reduction as is therein \nmentioned, the Court shall find and record the total damages which \nwould have been recoverable if the claimant had not been at fault. \n \n (3) "
    },
    {
      "act": "Civil Law Act 1956",
      "section": "10",
      "title": "shall apply in any case where two or more persons",
      "text": "are liable or would, if they had all been sued, be liable by virtue of \nsubsection (1) in respect of the damage suffered by any person. \n \n (4) Where any person dies as the result partly of his own fault and \npartly of the fault of any other person or persons, and accordingly if \nan action were brought for the benefit of the estate under section 8, the \ndamages recoverable would be reduced under subsection (1), any \ndamages recoverable in any action brought for the benefit of the \ndependants of that person under section 7 or for the benefit of the \nhusband of that person under proviso (iii) of subsection 7(3) or of the \nspouse or parents under subsection 7(3 B) shall be reduced to a \nproportionate extent. \n \n (5) Where in any case to which subsection (1) applies, one of  the \npersons at fault avoids liability to any other such person or his personal \nrepresentative by pleading the Limitation Act 1953 [ Act 254], or any \nother written law limiting the time within whi ch proceedings may be \ntaken, he shall not be entitled to recover any damages or contributions \nfrom that  other person or repr esentative by virtue of the said \nsubsection. \n \n--- Page 21 ---\nCivil Law                                               21 \n \n \n (6) In this section “fault” means negligence, breach of statutory \nduty or other act or omission which gives rise to a liability in tort or \nwould, apart from this Act, give rise to the defence of contributory \nnegligence. \n \n \nSaving for Merchant Shipping Ordinance 1952 \n \n13.  (1) "
    },
    {
      "act": "Civil Law Act 1956",
      "section": "12",
      "title": "shall not apply to any claims to which section 513",
      "text": "of the Merchant Shipping Ordinance 1952 [ Ord. No. 70 of  1952], or \nthe corresponding provisions of any other law apply and those \nprovisions shall have effect as if this Act had not been passed. \n \n      (2) The provisions mentioned in subsection (1) shall not apply to \nany case where the acts or omissions giving rise to the claim occurred \nbefore the coming into force of this Act. \n \n \nCommon employment \n \n14.  (1)  It shall not be a defence to an employer who is sued in respect of \npersonal injuries caused by the negligence of a person employed by him, that \nthat person was at the time the injuries were caused in common employment \nwith the person injured. \n \n(2) Any provision contained in a contract of service or apprenticeship, or in \nan agreement collateral thereto (including a contract or agreement entered into \nbefore the coming into force of this Act) shall be void so far as it would have \nthe effect of excluding or limiting any liability of the employer in respect of \npersonal injuries caused to the person employed or apprenticed by the \nnegligence of persons in common employment with him. \n \n(3)  For the purpose of this section “personal injury” includes any disease \nand any impairment of a person’s physical or mental condition, and the \nexpression “injured” shall be construed accordingly. \n \n \n \n \n \n--- Page 22 ---\n22                                       Laws of Malaysia                             Act 67 \n \nPART VI \n \nFRUSTRATED CONTRACTS \n   \nAdjustment of rights and liabilities of parties to frustrated \ncontracts \n \n15. (1)  Where a contract has become impossible of performance  or \nbeen otherwise frustrated, and the parties thereto have for that reason \nbeen discharged from the further performance of the  contract, \nsubsections (2) to (6) shall, subject to sect ion 16, have  effect in \nrelation thereto. \n \n   (2)  All sums paid or payable to any party in pursuance of the  \ncontract before the time when the parties were so discharged (in  this \nAct referred to as “the time of discharge”) shall, in the case of  sums \nso paid, be recoverable from him as money received by him  for the \nuse of the party by whom the sums were paid, and, in the case of sums \nso payable, cease to be so payable: \n \n Provided that, if the party to whom the sums were so paid or payable \nincurred expenses before the time of discharge in, or for  the purpose \nof, the performance of the contract, the Court may, if  it considers it \njust to do so having regard to all the circumstances  of the case, allow \nhim to retain or, as the case may be, recover the  whole or any part of \nthe sums so paid or payable, not being an  amount in excess of the \nexpenses so incurred. \n \n(3) Where any party to the contract has, by reason of anything done \nby any other party thereto in, or for the purpose of, the performance \nof the contract, obtained a valuable benefit (other than a payment of \nmoney to which subsection (2) applies) before the time of discharge, \nthere shall be recoverable from him by the said other party such sum \n(if any), not exceeding the value of the said benefit to the part y \nobtaining it, as the Court considers just, having regard to all the \ncircumstances of the case and, in particular— \n \n(a) the amount of any expenses incurred before the time of \ndischarge by the party benefited in, or for the purpose of, \nthe performance of the c ontract, including any sums paid \nor payable by him to any other party in pursuance of the \ncontract and retained or recoverable by that party under \nsubsection (2); and \n--- Page 23 ---\nCivil Law                                               23 \n \n \n(b) the effect, in relation to the said benefit , of the \ncircumstances giving rise to the frustration of the contract.  \n \n(4) In estimating, for the purposes of subsections (1) to (3), the \namount of any expenses incurred by any party to the contract, the \nCourt may, without prejudice to the generality of the said subsections, \ninclude such sum as appears to be reasonable in respect of overhead \nexpenses and in respect of any work or services performed personally \nby the said party. \n \n(5) In considering whether any sum ought to be recovered or \nretained under subsections (1) to (4) by any party to the contract the \nCourt shall not take into account any sums which have, by reason of \nthe circumstances giving rise to the frustration of the contract, become \npayable to that party under any contract of insurance unless there was \nan obligation to insure imposed  by an express term of the frustrated \ncontract or by or under any enactment. \n \n(6)  Where any person has assumed obligations under the contract \nin consideration of the conferring of a benefit by any other party to the \ncontract upon any other person, whether a party to the contract or not, \nthe Court may, if in all the circumstances of the case it considers it \njust to do so, treat for the purposes of subsection (3) any benefit so \nconferred as a benefit obtained by the person who has assumed the \nobligations as aforesaid. \n \n \nProvisions as to application of section 15 \n \n16.  (1) "
    },
    {
      "act": "Civil Law Act 1956",
      "section": "15",
      "title": "shall apply to contracts whether made before or",
      "text": "after the coming into force of this Act. \n \n (2) "
    },
    {
      "act": "Civil Law Act 1956",
      "section": "15",
      "title": "shall apply to contracts to which the Government",
      "text": "is a party in like manner as to contracts between subjects. \n \n(3)  Where any contract to which section 15 applies contains any \nprovisions which, upon the true construction of the contract, is \nintended to have effect in the event of circumstances arising which \noperate, or woul d but for the said provision operate, to frustrate the \n--- Page 24 ---\n24                                       Laws of Malaysia                             Act 67 \n \ncontract, or is intended to have effect whether those circumstances \narise or not, the Court shall give effect to the said provision and shall \nonly give effect to section 15 to such extent, if any, as a ppears to the \nCourt to be consistent with the said provision. \n \n(4)  Where it appears to the Court that a part of any contract to \nwhich section 15 applies can properly be severed from the remainder \nof the contract, being a part wholly performed before the time of \ndischarge, or so performed except for the payment in respect of that \npart of the contract of sums which are or can be ascertained under the \ncontract, the Court shall treat that part of the contract as if it were a \nseparate contract and had not been frustrated and shall treat section 15 \nas only applicable to the remainder of that contract. \n \n (5) "
    },
    {
      "act": "Civil Law Act 1956",
      "section": "15",
      "title": "shall not apply—",
      "text": "(a) to any charter party, except a time charter party or a  \ncharter party by way of demise, or to any contract (other \nthan a charter party) or the corresponding provisions of \nany written law for the carriage of goods by sea; \n \n(b) to any contract of insurance, save as is provided by \nsubsection (5) thereof; or \n \n(c) to any contract to which section 7 of the Sale of Goods  \nAct 1893 of the United Kingdom [56 and 57 Vict.c.71 ] \n(which avoids contracts  for the sale of specific goods \nwhich perish before the risk has passed to the buyer) or \nthe corresponding provisions of any written law applies, \nor to any other contract for the sale, or for the  sale and \ndelivery, of specific goods, where the contract is \nfrustrated by reason of the fact that the goods have \nperished. \n \n \nPART VIA \n \nAPPORTIONMENT \n \nInterpretation  \n \n16A.  In this Part, unless the context otherwise requires— \n \n--- Page 25 ---\nCivil Law                                               25 \n \n \n“annuities” includes salaries and pensions; \n \n“dividends” includes (besides dividends strictly so called) all  \npayments made by the name of dividend, bonus, or otherwise out of \nthe revenue of trading or other public companies, divisible between \nall or any of the members of the respective companies, whether the \npayments are usually made or declared at any fixed times or otherwise; \nand all such divisible revenue shall, for the purposes of this Part, be \ndeemed to have accrued by equal daily increment during and within the \nperiod for or in respect of which the payment of the same revenue is \ndeclared or expressed to be made, but the said word “dividends” does not \ninclude payments in the nature of a return or reimbursement of capital; \n \n“rents” includes all periodical payments or renderings in lieu of or in \nthe nature of rent but does not include rent payable to the State Authority \n(that is to say, payments of the nature included in the definition of “rent” \nin the National Land Code [Act 56 of 1965]) in respect of alienated land \n(as so defined). \n \n \nRents, etc., to accrue from day to day \n \n16B. All rents, annuities, dividends, and other periodical payments in the \nnature of income (whether reserved or made payable under an instrument \nin writing or otherwise) shall, like interest on money lent, be considered \nas accruing from day to day, and shall be apportionable in respect of time \naccordingly. \n \n \nApportioned part of rent, etc., to be payable when the next entire \nportion due \n \n16C. The apportioned part of any such rent, annuity, dividend, or other \npayment shall be payable or recoverable, in the case of a continuing rent, \nannuity, or other such payment, when the entire portion of which such \napportioned part forms part becomes due and payable, and not before; \nand in the case of a rent, annuity, or other such payment determined by \nre-entry, death, or otherwise, when the next entire portion of the same \nwould have been payable if the same had not so determined, and not \nbefore. \n--- Page 26 ---\n26                                       Laws of Malaysia                             Act 67 \n \nRemedies for recovering apportioned parts \n \n16D. All persons and their respective executors, administrators, and \nassigns, and also the executors, adm inistrators, and assigns \nrespectively of persons whose interest determine with their own \ndeaths, shall have such or the same remedies for recovering such \napportioned parts as aforesaid when payable (allowing proportionate \nparts of all just allowances) as t hey respectively would have had for \nrecovering such entire portions as aforesaid if entitled thereto \nrespectively: \n \nProvided that persons liable to pay rents reserved out of or \ncharged on lands or tenements, and the same lands or tenements, shall \nnot be resorted to for any such apportioned part forming part of an \nentire or continuing rent as aforesaid specifically, but the entire or \ncontinuing rent, including such apportioned part, shall be recovered \nand received by the person who, if the rent had not been apportionable \nunder this Part or otherwise, would have been entitled to such entire \nor continuing rent, and such app ortioned part shall be recoverable \nfrom the person by the executors or other parties entitled under this \nPart to the same by suit. \n \n \nExclusion of policies of assurance \n \n16E. Nothing in this Part shall render apportionable  any annual sums \nmade payable in policies of assurance of any description. \n \n \nExclusion by express stipulation \n \n16F. This Part shall not extend to any case in which it may be expressly \nstipulated that no apportionment shall take place. \n \n \nValidation of past apportionments \n \n16G. No payment, composition, discharge or settlement of account \nmade or given prior to 28 December 1928, in Malacca or Penang, or \nto the commencement of this Part in other States shall be deemed \ninvalid by reason only of the fact that it was made or given in \npursuance of the apportionment of a periodical payment not lawfully \n--- Page 27 ---\nCivil Law                                               27 \n \n \napportionable, if the apportionment would have been lawful, had it \nbeen made after the aforesaid date and under this Part.  \n \n \n \nPART VII \n \nDISPOSAL AND DEVOLUTION OF PROPERTY \n \nGeneral restrictions on accumulation of income \n \n17. (1)  No person may by any instrument or otherwise settle or \ndispose of any property in such manner that the income thereof shall, \nsave as hereinafter mentioned, be wholly or partially accumulated for \nany longer period than one of the following: \n \n(a) the life of the grantor or settlor; \n \n(b) a term of eighteen years from the death of the grantor, or \nsettlor; \n \n(c) the duration of the minority or respective minorities of \nany person living or en ventre sa mere at the death of the \ngrantor or settlor; or \n \n(d) the duration of the minority or respective minorities only \nof any person who under the limitations of the instrument \ndirecting the accumulations would, for the time being, if \nof full age, be entitled to income directed to be \naccumulated. \n \n (2) In every case where any accumulation is directed otherwise than \nas in subsection (1), the direction shall (save as hereinafter mentioned) \nbe void; and the income of the property directed to be accumulated \nshall, so long as the same is directed to be accumulated contrary to \nthis section, go to and be received by the person who would have been \nentitled thereto if the accumulation had not been directed. \n  \n (3) This section does not extend to any provision— \n--- Page 28 ---\n28                                       Laws of Malaysia                             Act 67 \n \n(a) for payment of the debts of any grantor, s ettlor or other \nperson; or \n \n(b) for raising portions for– \n \n(i) any child, children or remoter issue of any grantor or \nsettlor; or \n \n(ii) any child, children or remoter issue of a person \ntaking any interest under any settlement or other \ndisposition directing the accumulations or to whom \nany interest is thereby limited, \n \nand accordingly such provisions may be made as if no statutory \nrestrictions on accumulation of income had been imposed. \n \n \nQualification of restrictions on accumulation \n \n18.  Where accumulations of surplus income are made during a \nminority under any statutory power or under the general law, the \nperiod for which the accumulations are made is not (whether the trust \nwas created or the accumulations were made before or after the \ncoming into force of this Act) to be taken into account in determining \nthe periods for which accumulations are permitted to be made by \nsection 17, and accordingly an express trust for accumulation for any \npermitted period shall not be deemed to have been invalidated or \nbecome invalid, by reason of accumulations also having been made as \naforesaid during the minority. \n \n \nRestriction on accumulation for the purchase of land \n \n19.  No person may settle or dispose of any property in such a manner \nthat the income thereof shall be wholly or  partially accumulated for \nthe purchase of land only for any longer period than the duration of \nthe minority or respective minorities of any person who, under the \nlimitations of the instrument directing the accumulation, would for the \ntime being, if he had  attained his majority, be entitled to the income \nso directed to be accumulated. \n \n \n--- Page 29 ---\nCivil Law                                               29 \n \n \nValidation of appointments where objects are excluded or take \nillusory shares \n \n20.  (1)  No appointment made in exercise of any power to  appoint \nany property among two or more objects shall be invalid on the ground \nthat— \n \n(a) an unsubstantial, illusory, or nominal share only is \nappointed to or left unappointed to devolve upon any \none or more of the objects of the power; or \n \n(b) any object of the power is thereby altogether excluded, \n \nbut every such appointment shall be valid notwithstanding that any \none or more of the objects is not thereby, or in default of appointment, \nto take any share in the property. \n \n   (2) This section shall not affect any provision in the instrument \ncreating the power which declares the amount of any share from which \nany object of the power is not to be excluded. \n \n   (3) This section shall apply to appointments made before or after \nthe coming into force of this Act. \n \n \nExecutor deemed to be trustee fo r person entitled to residue on \nintestacy \n \n21. When any person dies or has died, having by his will, appointed \nany person to be his executor, the executor shall be deemed to be a \ntrustee for the person, if any, who would be entitled to the estate in \ncase the person died intestate in respect of any residue not expressly \ndisposed of, unless it appears by the will that the person so appointed \nexecutor was intended to take the residue beneficially. \n \n \n \n \n--- Page 30 ---\n30                                       Laws of Malaysia                             Act 67 \n \nCharges on property of deceased to be paid primarily out of the \nproperty charged \n \n22.  (1) Where a person dies possessed of, or, entitled to, or under a \ngeneral power of appointment by his will disposes of, an interest in \nproperty, which at the time of his death is charged with the payment \nof money, whether by way of mortgage, charge or otherwise \n(including a lien for unpaid purchase money), and the deceased has \nnot by will, deed or other document signified a contrary or other \nintention, the interest so charged, shall as between the different \npersons claiming throug h the deceased, be primarily liable for the \npayment of the charge; and every part of the said interest, according \nto its value, shall bear a proportionate part of the charge on the whole \nthereof. \n \n     (2)  Such contrary or other intention shall not be dee med to be \nsignified— \n \n(a) by a general direction for the payment of debts or of all the \ndebts of the testator out of his personal estate, or his \nresiduary real and personal estate, or his residuary real \nestate; or \n \n(b) by a charge of debts upon any such estate, unless the \nintention is further signified by words expressly or by \nnecessary implication referring to all or some part of the \ncharge. \n       \n (3)  Nothing in this section affects the right of a person entitled to \nthe charge to obtain payment or satisfaction thereof either out of the \nother assets of the deceased or otherwise. \n \n \nMoneys payable under policy of assurance not to form part of \nthe estate of the insured \n \n23. (1)  A policy of assurance effected by any man on his own life and \nexpressed to be for the benefit of his wife or of his children or of his \nwife and children or any of them, or by any woman on her own life \nand expressed to be for the benefit of her husband or o f her children \nor of her husband and children or any of them, shall create a trust in \nfavour of the objects therein named, and the moneys payable under \nany such policy shall not so long as any object of the trust remains \n--- Page 31 ---\nCivil Law                                               31 \n \n \nunperformed form part of the estate of the insured or be subject to his \nor her debts. \n \n    (2)  If it is proved that the policy was effected and the premiums \npaid with intent to defraud the creditors of the insured, they shall be \nentitled to receive out of the moneys payable under the polic y a sum \nequal to the premiums so paid. \n \n \n    (3)  The insured may by the policy or by any memorandum under \nhis or her hand appoint a trustee or trustees of the moneys payable \nunder the policy, and from time to time appoint a new trustee or new \ntrustees thereof, and may make provision for the appointment of a new \ntrustee or new trustees thereof and for the investment of the moneys \npayable under any such policy. \n \n  (4)  In default of any such appointment of a trustee the policy \nimmediately on its being effected shall vest in the insured and his or \nher legal personal representatives in trust for the purposes aforesaid. \n    \n (5) If at the time of the death of the insured or at any time \nafterwards there is no trustee, or it is expedient to appoint a new trustee \nor new trustees, a trustee or trustees or a new trustee or new trustees \nmay be appointed by the High Court. \n \n  (6) The receipt of a trustee or trustees duly appointed, or in default \nof any such appointment or in default of notice to the insurance office \nthe receipt of the legal personal representative of the insured, shall be \na discharge to the office for the sum secured by the policy or for the \nvalue thereof in whole or in part. \n \n \nBona vacantia \n \n24.  When a right to the personal estate of any person who dies \nintestate without next of kin has accrued to the Government, the \npersonal estate or the proceeds thereof shall form part of the \nConsolidated Fund and shall be appropriated as part of the Fund to \n--- Page 32 ---\n32                                       Laws of Malaysia                             Act 67 \n \nsuch public purposes as the Yang di-Pertuan Agong from time to time \nthinks proper and directs: \n \n    Provided that the Yang di -Pertuan Agong may by warrant order \nthe transfer of the whole or any part of such personal estate or the \nproceeds thereof to any person who shall establish to the satisfaction \nof the Yang di-Pertuan Agong any equitable or moral claim thereto. \n \n \nSaving \n \n25. Nothing in this Part shall affect the disposal of any property \naccording to Muslim law or, in Sabah and Sarawak, native law and \ncustom. \n \n \nPART VIII \n \nMISCELLANEOUS \n \nAgreement by way of gaming or wagering to be null and void \n \n26.  (1) All contracts or agreements, whether by parol or in writing, \nby way of gaming or wagering shall be null and void. \n \n   (2) No action shall be brought or  maintained in any Court for \nrecovering any sum of money or valuable thing alleged to be won \nupon any wager or which has been deposited in the hands of any \nperson to abide the event on which any wager has been made. \n \n   (3) Subsections (1) and (2) shall not be deemed to apply to any \nsubscription or contribution, or agreement to subscribe or contribute, \nfor or toward any plate, prize, or sum of money to be awarded to the \nwinner of any lawful game, sport, pastime or exercise. \n \n   (4) Any promise, express or implied, to pay any person any sum of \nmoney paid by him under or in respect of any contract or agreement \nrendered null and void by subsections (1) and (2), or to pay any sum \nof money by way of commission, fee, reward or otherwise in respect \nof any such co ntract or of any services in relation thereto or in \nconnection therewith, shall be null and void, and no action shall be \nbrought or maintained to recover any such sum of money. \n \n--- Page 33 ---\nCivil Law                                               33 \n \n \n \nInfants \n \n27.  In all cases relating to the custody and control of infants the  \nlaw to be administered shall be the same as would have been \nadministered in like cases in England at the date of the coming into \nforce of this Act, regard being had to the religion and customs of the \nparties concerned, unless other provision is or shall b e made by any \nwritten law. \n \n \nNo person chargeable with rent bona fide paid to holder under \ndefective title \n \n28.  (1)  No person shall be chargeable with any rents or profits of any \nimmovable property which he has bona fide paid over to any person \nof whom he bona fide held the same notwithstanding it afterwards \nappears that the person to whom the payment was made had no right \nto receive such rents or profits. \n \n   (2)   If any person erects any building or makes an improvement  \nupon any land held by him in the bona fide belief that he had an estate \nin fee simple or other absolute estate, and that person, his executor or \nassign, or his under -tenant is evicted from the land by any person \nhaving a better title, the person who erect ed the building or made the \nimprovement, his executor or assign shall be entitled either to have the \nvalue of the building or improvement so erected or made while the \nland was held by him and in that belief estimated and paid or secured \nto him or at the option of the person causing the eviction to purchase \nthe interest  of that person in the land at the value thereof but not taking \ninto account the value of the building or improvement. \n \n   (3)  The amount to be paid or secured in respect of the building or \nimprovement shall be the estimated value of the same at the time of \nthe eviction. \n \n   (4)  (a) Every tenant holding over after the determination of his \ntenancy shall be chargeable, at the option of his landlord, with double \nthe amount of his rent until possession is given up by him or with \n--- Page 34 ---\n34                                       Laws of Malaysia                             Act 67 \n \ndouble the value during the period of detention of the land or premises \nso detained, whether notice to that effect has been given or not. \n \n  (b)  Paragraph (a) shall have effect in Sabah subject  to section 26 \nof the Rent Control (Business Premises) Enactment 1965 of Sabah \n[En. 1 of 1966 ] and in Sarawak subject to section 19 of the Rent \nControl Ordinance of Sarawak [Cap. 86]. \n \n (5)  When any writ or summons issued by a landlord against a tenant \nfor the recovery of immovable property is served on or comes to the \nknowledge of any subtenant of the plaintiff' immediate tenant, the \nsubtenant being an occupier of the whole or any part of the premises \nsought to be recovered, he shall forthwith give notice thereof to his \nimmediate landlord, under penalty of forfeiting three years’ rack rent of \nthe premises held by the subtenant to the person of whom he holds, to be \nrecovered by that person by action in any Court having jurisdiction. \n \n \nDamages in respect of personal injury \n \n28A. (1)  In assessing damages recoverable in respect of personal \ninjury which does not result in death, there shall not be taken into \naccount— \n \n(a) any sum paid or payable in respect of the personal \ninjury under any contract of assurance or insurance, \nwhether made before or after the coming into force of \nthis Act; \n \n(b) any pension or gratuity, which has been or will or may \nbe paid as a result of the personal injury; or \n \n(c) any sum which has been or will or may be paid under any \nwritten law relating to the payment of any benefit or \ncompensation whatsoever in respect of the personal injury. \n \n      (2)  In assessing damages under this section— \n \n(a) no damages shall be recoverable in respect of any loss \nof expectation of life caused to the plaintiff by the \ninjury; \n \n--- Page 35 ---\nCivil Law                                               35 \n \n \n(b) if the plaintiff’s expectation of life has been reduced by \nthe injury, the Court, in assessing damages in respect of \npain and suffering caused by the injury, shall take into  \naccount any suffering caused or likely to be caused by \nawareness that his expectation of life has been so \nreduced; \n \n(c) in awarding damages for loss of future earnings the \nCourt shall take into account— \n \n(i) that in the case of a plaintiff who has attained the \nage of sixty years or above at the time when he was \ninjured, no damages for such loss shall be awarded; \nand in any other case, damages for such loss shall \nnot be awarded unless it is proved or admitted that \nthe plaintiff  was receiving earnings by his own \nlabour or other gainful activity before he was \ninjured; \n \n(ii) only the amount relating to his earnings as aforesaid \nat the time when he was injured and the Court shall \nnot take into account any prospect of th e earnings \nas aforesaid being increased at some time in the \nfuture; \n \n(iii) any diminution of any such amount as aforesaid by \nsuch sum as is proved or admitted to be the living \nexpenses of the plaintiff at the time when he was \ninjured; \n \n(d) in assessing damages for loss of future earnings the \nCourt shall take into account that— \n \n(i) in the case of a person who was of the age of thirty \nyears or below at the time when he was injured, the \nnumber of years’ purchase shall be 16; and \n \n--- Page 36 ---\n36                                       Laws of Malaysia                             Act 67 \n \n(ii) in the case of any other person who was of the age \nrange extending between thirty-one years and fifty-\nnine years at the time when he was injured, the \nnumber of years ’ purchase shall be calculated by \nusing the figure 60, minus the age of the person at \nthe time when he was injured and dividing the \nremainder by the figure 2. \n \n \nRepeal \n \n29.   The Ordinances and Enactments set out in the First Schedule to \nthis Act are hereby repealed to the extent specified in the third column \nof that Schedule. \n \n \n \n \n \n \nFIRST SCHEDULE  \n \n[ "
    },
    {
      "act": "Civil Law Act 1956",
      "section": "29",
      "title": "]",
      "text": "REPEAL \n \nS.S. Cap. 42    …         … Civil Law Ordinance         …      … The whole \n  \nS.S. Cap. 118  …         … Conveyancing and Law of Property \nOrdinance  \n \nS. 73 \nF. M. S No. 3 of 1937 … Civil Law Enactment       …       … The whole  \n \nF. M. S Cap. 8  …       …  Probate and Administration \nEnactment  \n \nS. 93 (ii) \nF. M. S Cap. 19 …      … Executors (Powers) and Fatal \nAccident Enactment \n  \nThe whole  \nJohore Enactment No.              \n22 \nProbate and Administration \nEnactment  \n \nS. 82 \nJohore Enactment No.               \n99 \n \n \nFatal Accidents Enactment         … The whole \n \n--- Page 37 ---\nCivil Law                                               37 \n \n \nKelantan Enactment No.              \n15 of 1931 \n \nExecutors (Powers ) and Fatal \nAccidents Enactment  \nThe whole  \nKedah Enactment No.  2            \nof 1360 \n  \nFatal Accident Enactment 1360  The whole \nTrengganu Enactment              \nNo. 22 of 1356  \n \nProbate and Administration \nEnactment  \nS. 44 (ii)  \nF. of  M. No. 49 of 1951 Civil Law (Extension) Ordinance                 \n1949 \nThe whole  \n \n \n \n \n \n \nSECOND SCHEDULE  \n \n[Subparagraph 3(3)(ii)] \n \n \nACTS OF PARLIAMENT OF THE UNITED KINGDOM WHICH \nCONTINUE IN FORCE IN SARAWAK \n \n \n Short title Extent to which Act \ncontinues in force \n \nModifications \nSwk. Vol. V1 page \n1455 (8 and 9               \nGeo. 6 c. 28) \nLaw Reform \n(Contributory \nNegligence) Act \n1945 \nSubsection 1(7), \nsections 2, 3, 4 \nand 7  \nIn sections 2 and 4, \nthe references to the \nWorkmen’s \nCompensation Acts                \n1925 to 1943 and to \nsections thereof   \nshall be read as \nreferences to the \nWorkmen’s \nCompensation \nOrdinance Cap.  80  \nof Sarawa k and to \nthe corresponding \nsections thereof  \n \nSwk. Vol .VI page \n1459 (2 and 3              \nEliz. 2 c. 34)  \nLaw Reform \n(Enforcement of \nThe whole  None  \n--- Page 38 ---\n38                                       Laws of Malaysia                             Act 67 \n \n Short title Extent to which Act \ncontinues in force \n \nModifications \nContracts) Act \n1954  \n \nSwk. Vol.  VI page \n1461 (12, 13 and \n14 Geo. c. 100) \nLaw Reform \n(Miscellaneous \nProvisions) Act \n1949 \n \nSubsection 4(1), \n7(1) and 2 \nNone \n6, Edw. 7 c. 41 Marine Insurance \nAct 1906 \nThe whole except \nsection 91 \n \nNone  \n21, Geo. 5 c. 2  Marine Insurance \n(Gambling \nPolicies)  \nAct 1909  \nThe whole  In subsection 1(3) the \nreference to the \nconsent in England               \nof the Attorney \nGeneral, in Scotland \nof the Lord Advocate, \nand in Ireland of the \nAttorney General for \nIreland shall be \nconstrued as referring \nto the consent of the \nPublic Prosecutor, \nMalaysia \n \n \n \n \n \n \n \n \n \n \n \n--- Page 39 ---\n39 \n \nLAWS OF MALAYSIA \n \n \nAct 67 \n \n \nCIVIL LAW ACT 1956 \n \n \nLIST OF AMENDMENTS \n \n \nAmending law Short title In force from \n \nOrd. 36/1957 \n \nMarried Women Ordinance 1957 \n \n15-08-1957 \nL.N.332/1958 \n \nFederal Constitution (Modification of \nLaws) (Ordinances and Proclamations) \nOrder 1958  \n \n13-11-1958 \nAct 30/1966 Civil Law (Amendment) Act 1966 \n \n14-04-1966 \nP.U. (A) 424/1971 Civil Law Ordinance (Extension) Order \n1971  \n \n01-04-1972 \n \n \nP.U. (A) 16/1975 Revision of Laws (Civil Law Act) \nOrder 1975 \n \n01-04-1972 \n \nAct A308 Civil Law (Amendment) Act 1975 30-05-1975 \n \nAct A602 Civil Law (Amendment) Act 1984 01-10-1984 \n \nAct A1591 Civil Law (Amendment) Act 2019 01-09-2019 \n \n \n \n \n \n \n \n \n   \n   \n--- Page 40 ---\n40 \n \nLAWS OF MALAYSIA \n \n \nAct 67 \n \n \nCIVIL LAW ACT 1956 \n \n \nLIST OF SECTIONS AMENDED \n \n \nSection Amending authority In force from \n \n2 Act A1591 01-09-2019 \n \n3 L.N. 332/1958 13-11-1958 \n \n5 L.N. 332/1958 13-11-1958 \n \n6 L.N. 332/1958 13-11-1958 \n \n7 Act 30/1966 14-04-1966 \n Act A308 30-05-1975 \n Act A602 01-10-1984 \n \n \nAct A1591 01-09-2019 \n8 Act A602 01-10-1984 \n \n9 Ord. 36/1957 15-08-1957 \n \n11 \n \nAct A1591 01-09-2019 \n12 \n \nAct A602 01-10-1984 \n16A Act 30/1966 14-04-1966 \n \n16B Act 30/1966 14-04-1966 \n \n16C Act 30/1966 14-04-1966 \n \n16D \n \nAct 30/1966 14-04-1966 \n16E Act 30/1966 14-04-1966 \n \n16F Act 30/1966 14-04-1966 \n \n \n \n \n--- Page 41 ---\nCivil Law                                        41 \n \n \nSection Amending authority In force from \n \n16G Act 30/1966 14-04-1966 \n \n23 P.U. (A) 16/1975 01-04-1972 \n \n24 L.N. 332/1958 13-11-1958 \n \n28A Act A308 30-05-1975 \n Act A602 01-10-1984 \n Act A1591 01-01-2019 "
    }
  ]
}