{
  "schema_version": "1.0",
  "metadata": {
    "act_name": "Intellectual Property Corporation of Malaysia Act 2002",
    "file_key": "ip_act_2002",
    "year": "2002",
    "last_updated": "2026-01-17",
    "version": "1.0",
    "total_sections": 4,
    "source": "Migrated from legacy format"
  },
  "sections": [
    {
      "act": "Intellectual Property Corporation of Malaysia Act 2002",
      "section": "1",
      "title": "Short title and commencement",
      "text": "2. Interpretation\nPart II\nTHE CORPORATION\n 3. Establishment of the Corporation\n 4. Vesting provisions\n 5. Common seal\n 6. Membership of the Corporation\n 7. Terms of office\n 8. Resignation and revocation\n 9. Vacation of office\n 10. Remuneration and allowances\n 11. The Director General and Deputies Director General\n 12. Meetings\n 13. The Corporation may invite others to meetings\n 14. Power of Minister to give directions and require information\n 15. Disclosure of interest\n 16. Minutes\n--- Page 4 ---\nLaws of Malaysia\n4\nAct 617\nPart III\nFUNCTIONS AND POWERS OF THE CORPORATION "
    },
    {
      "act": "Intellectual Property Corporation of Malaysia Act 2002",
      "section": "17",
      "title": "Functions of the Corporation",
      "text": "18. Powers of the Corporation\n 19. The Corporation may establish committees\n 20. Delegation of the Corporation’s functions or powers\nPart IV\nPROVISIONS RELATING TO EMPLOYEES\n 21. Employment of Government employees\n 22. Salaries, terms and conditions of service of Government employees to \nbe taken into account\n 23. Appointment of other employees, agents and consultants\n 24. Regulations with respect to employment\n 25. Continuation and completion of disciplinary proceedings\n 26. Protection from personal liability\n 27. Public servants\n 28. Public Authorities Protection Act 1948\nPart V\nFINANCE\n 29. The Fund\n 30. Expenditure to be charged on the Fund\n 31. Expenditure and preparation of estimates\n 32. Conservation of the Fund\n 33. Statutory Bodies (Accounts and Annual Reports) Act 1980\n 34. Power to borrow\n 35. Investment\n 35a. Power to establish companies\n 36. Payment to the Federal Consolidated Fund\n--- Page 5 ---\nIntellectual Property Corporation of Malaysia\n5\nPart VI\nGENERAL "
    },
    {
      "act": "Intellectual Property Corporation of Malaysia Act 2002",
      "section": "37",
      "title": "Institution of prosecution",
      "text": "38. Proceedings conducted by officers of the Corporation\n 39. Obligation of secrecy\n 40. Power of Minister to amend the First and Second Schedules\n 41. Regulations\n  First  schedule\n  s econd  schedule\n--- Page 6 ---\nLaws of Malaysia\n6\nAct 617\n--- Page 7 ---\nIntellectual Property Corporation of Malaysia\n7\nLAWS OF MALAYSIA\nAct 617\nINTELLECTUAL PROPERTY CORPORATION\nOF MALAYSIA ACT 2002\nAn Act to establish the Intellectual Property Corporation of \nMalaysia and to provide for its functions and powers and for \nmatters connected therewith.\n[3 March 2003 , P .U. (B) 102/2003 ]\nENACTED by the Parliament of Malaysia as follows:\nPart I\nPRELIMINARY\nShort title and commencement\n1. (1) This Act may be cited as the Intellectual Property Corporation \nof Malaysia Act 2002.\n (2) This Act comes into operation on a date to be appointed \nby the Minister, by notification in the Gazette , and the Minister \nmay appoint different dates for different provisions of this Act.\nInterpretation\n2. In this Act, unless the context otherwise requires—\n “this Act” includes any subsidiary legislation made under this \nAct;\n “prescribed”, where no manner of prescribing is provided, \nmeans prescribed from time to time by rules, regulations or orders \npublished in the Gazette ;\n--- Page 8 ---\nLaws of Malaysia\n8\nAct 617\n “rights” means all rights, powers, privileges and immunities, \nwhether actual, contingent or prospective;\n “committee” means any committee established under  \nsection 19;\n “Director General” means the Director General of the Corporation \nappointed under section 11;\n “Fund” means the Fund established under section 29;\n “liabilities” means liabilities, debts, charges, duties and obligations \nof every description whether present or future, actual or contingent, \nand whether payable or to be observed or performed in Malaysia \nor elsewhere;\n “Minister” means the Minister for the time being responsible \nfor intellectual property;\n “Registrar” means the Registrar of Trade Marks, the Registrar \nof Patents, the Registrar of Industrial Designs and the Registrar of \nGeographical Indications under the relevant Intellectual Property \nLegislation;\n “Controller” means the Controller of Copyright appointed under \nsubsection 5(1) of the Copyright Act 1987 [ Act 332 ];\n “Chairman” means the Chairman appointed under section 6;\n “Corporation” means the Intellectual Property Corporation of \nMalaysia established under section 3;\n “Intellectual Property Legislation” means the legislation specified \nin the First Schedule;\n “record” includes record stored or recorded by means of a \ncomputer;\n “vesting date” means the date on which properties, rights \nand liabilities specified by the Minister in the order under  \nsubsection 4(1) to which the Government of Malaysia, the \nRegistrar or Controller under the relevant Intellectual Property \nLegislations, was entitled or subject to, are transferred to and \nvested in the Corporation;\n--- Page 9 ---\nIntellectual Property Corporation of Malaysia\n9\n “appointed date” means the date on which this Act comes into \noperation;\n “vested”, in relation to property, includes having rights to \nproperty which are future or contingent and rights in reversion \nor remainder.\nPart II\nTHE CORPORATION\nEstablishment of the Corporation\n3. (1) A body corporate by the name of “Intellectual Property \nCorporation of Malaysia” is established.\n (2) The Corporation shall have perpetual succession and a \ncommon seal.\n (3) The Corporation may sue and be sued in its name.\n (4) Subject to and for the purposes of this Act, the Corporation \nmay, upon such terms as the Corporation deems fit—\n (a) enter into contracts;\n (b) acquire, purchase, take, hold and enjoy movable and \nimmovable property of every description; and\n (c) convey, assign, surrender, yield up, charge, mortgage, \ndemise, reassign, transfer, or otherwise dispose of, or \ndeal with any movable or immovable property or any \ninterest in such property vested in the Corporation.\nVesting provisions\n4. (1) Subject to this Act, the Minister may, from time to time, \nby order published in the Gazette , appoint a vesting date and \non such date all properties of the Government of Malaysia and \nall the rights or liabilities of the Government of Malaysia, the \nRegistrar or the Controller specified by the Minister in such order \nshall, by virtue of this Act, be transferred to and vested in the \nCorporation without any conveyance, assignment or transfer.\n--- Page 10 ---\nLaws of Malaysia\n10\nAct 617\n (2) Every property vested by virtue of subsection (1) in the \nCorporation shall be so vested in the Corporation for the like \ntitle, estate or interest and on the like tenure as the property was \nvested or held immediately before the vesting date.\n (3) Every chose-in-action vested by virtue of subsection (1) in \nthe Corporation may, on and after the vesting date, be sued on, \nrecovered or enforced by the Corporation in its own name and \nit shall not be necessary for the Corporation, the Government of \nMalaysia, the Registrar or the Controller to give notice to the \nperson bound by the chose-in-action of the vesting effected under \nsubsection (1).\n (4) Every right or liability vested by virtue of subsection (1) \nin the Corporation may, on and after the vesting date, be sued \non, recovered or enforced by or against the Corporation in its \nown name and it shall not be necessary for the Corporation, the \nGovernment of Malaysia, the Registrar or the Controller to give \nnotice to the person whose right or liability is affected by the \nvesting effected under subsection (1).\n (5) Any pending legal proceedings by or against the Government \nof Malaysia, the Registrar or the Controller which relate to \nany property, right or liability transferred to and vested in the \nCorporation by virtue of subsection (1) may, on and after the \nvesting date, be continued by or against the Corporation.\n (6) In the case of rights or liabilities arising under any loans \nwhich is vested in the Corporation on the vesting date, the \nCorporation may enter into such arrangements or agreements over \nsuch rights and liabilities with the Government of Malaysia or \nany other third party.\n (7) On and after the vesting date, any agreement relating to \nany property, rights and liabilities transferred to and vested in \nthe Corporation under subsection (1) to which the Government of \nMalaysia, the Registrar or the Controller was a party immediately \nbefore the vesting date, whether in writing or not, and whether \nor not of such a nature that rights and liabilities thereunder could \nbe assigned by the Government of Malaysia, the Registrar or the \nController shall have effect as if the Corporation has been a party \nto the agreement.\n--- Page 11 ---\nIntellectual Property Corporation of Malaysia\n11\nCommon seal\n5. (1) The common seal of the Corporation shall bear such \ndevice as the Corporation may approve and such seal may, from \ntime to time, be broken, changed, altered or made anew as the \nCorporation thinks fit.\n (2) Until a seal is provided by the Corporation, a stamp bearing \nthe words “The Intellectual Property Corporation of Malaysia” \nmay be used and shall be deemed to be the common seal of the \nCorporation.\n (3) The common seal shall be kept in the custody of the \nChairman or any other person authorized by the Corporation \nand shall be authenticated by either the Chairman or by such \nauthorized person or by any officer authorized by the Chairman \nin writing.\n (4) All deeds, documents and other instruments purporting to \nbe sealed with the common seal and authenticated in accordance \nwith subsection (3) shall, until the contrary is proved, be deemed \nto have been validly executed.\n (5) Notwithstanding subsection (4), any document or instrument \nwhich, if executed by a person who is not a body corporate, is \nnot required to be under seal may in like manner be executed by \nthe Corporation; and any such document or instrument may be \nexecuted on behalf of the Corporation by any member, employee \nor agent of the Corporation generally or specially authorized by \nthe Corporation in that behalf.\n (6) The common seal of the Corporation shall be officially \nand judicially noticed.\nMembership of the Corporation\n6. (1) The Corporation shall consist of the following members:\n (a) a Chairman;\n (b) four members representing the Government, one of whom \nshall be the Secretary General of the Ministry for the \ntime being charged with the responsibility for intellectual \nproperty or his representative;\n--- Page 12 ---\nLaws of Malaysia\n12\nAct 617\n (c) three other members who have relevant knowledge or \nexperience in intellectual property and intellectual \nproperty related matters; and\n (d) the Director General.\n (2) The Minister shall appoint the members specified in \nparagraphs (1) (a), (b) and (c).\nTerms of office\n7. Subject to such conditions as may be specified in his instrument \nof appointment, a member of the Corporation shall, unless he \nsooner resigns or vacates his office or his appointment is sooner \nrevoked, hold office for a term not exceeding three years and \nmay be eligible for reappointment.\nResignation and revocation\n8. (1) A member of the Corporation may, at any time, resign his \noffice by giving notice in writing to the Minister.\n (2) The appointment of any member of the Corporation appointed \nby the Minister, except the Secretary General of the Ministry for \nthe time being charged with the responsibility for intellectual \nproperty, may, at any time, be revoked by the Minister without \nassigning any reason for the revocation.\nVacation of office\n9. The office of a member of the Corporation shall be vacated—\n (a) if he dies;\n (b) if he becomes a bankrupt;\n (c) if he has been convicted of any offence and sentenced \nto imprisonment for a term not less than two months;\n--- Page 13 ---\nIntellectual Property Corporation of Malaysia\n13\n (d) if he is of unsound mind or is otherwise incapable of \nperforming his duties; or\n (e) if he absents himself from three consecutive meetings of \nthe Corporation without the leave of the Chairman, or \nin the case of the Chairman, without the leave of the \nMinister.\nRemuneration and allowances\n10. (1) The Chairman of the Corporation shall be paid such \nremuneration and allowance as the Minister may determine.\n (2) Every member of the Corporation shall be paid allowances \nat such rates as the Minister may determine.\nThe Director General and Deputies Director General\n11. (1) The Minister shall appoint—\n (a) a suitable person who has knowledge or experience in \nintellectual property or intellectual property related \nmatters to be the Director General; and\n (b) such number of persons as may be necessary to be the \nDeputies Director General, \non such terms and conditions as the Minister may determine, for \nthe proper administration of this Act and the Intellectual Property \nLegislation, and may revoke the appointment of any person so \nappointed without assigning any reason for the revocation.\n (2) The Director General shall be responsible for the day-to-day  \nadministration of the Corporation.\n (3) The Deputies Director General shall be subject to the \ndirection and control of the Director General and they may \nperform all the duties of the Director General under this Act and \nthe Intellectual Property Legislation as may be specified by the \nDirector General.\n--- Page 14 ---\nLaws of Malaysia\n14\nAct 617\n (4) In the event that the Director General is temporarily unable \nto perform his duties due to illness or any other cause, either \nof the Deputies Director General may attend any meeting of the \nCorporation or any committee in his place.\nMeetings\n12. (1) The Corporation shall meet as often as may be necessary \nfor the performance of its functions.\n (2) Five members of the Corporation, one of whom is a member \nrepresenting the Government, shall form the quorum of a meeting \nof the Corporation.\n (3) If on a question to be determined by the Corporation there \nis an equality of votes, the Chairman shall have a casting vote.\n (4) In the event of the Chairman being absent or unable to act \ndue to illness or any other cause, any member of the Corporation \nother than the Director General may be elected by the members \npresent to preside over the meeting.\n (5) The Minister shall, in respect of each member of the \nCorporation who represents the Government, appoint an alternate \nmember who may attend any meeting of the Corporation which \nthe member is for any reason whatsoever unable to attend and \nthe alternate member, when so attending, shall for all purposes \nbe deemed to be a member of the Corporation.\n (6) Subject to the provisions of this Act, the Corporation shall \ndetermine its own procedure.\nThe Corporation may invite others to meetings\n13. (1) The Corporation may invite any other person to attend \nany meeting or deliberation of the Corporation for the purpose \nof advising it on any matter under discussion, but any person so \nattending shall have no right to vote at the meeting or deliberation.\n (2) Any person invited to any meeting or deliberation of the \nCorporation under subsection (1) may be paid such remuneration \nor allowance as the Minister may determine.\n--- Page 15 ---\nIntellectual Property Corporation of Malaysia\n15\nPower of Minister to give directions and require information\n14. (1) The Minister may, from time to time, give to the \nCorporation such directions of a general character consistent \nwith the provisions of this Act relating to the performance of the \nCorporation’s functions and the Corporation shall give effect to \nsuch directions.\n (2) The Corporation shall furnish the Minister with such returns, \naccounts and information with respect to the performance of \nany of its functions under this Act or the Intellectual Property \nLegislation as the Minister may, from time to time, require or \ndirect.\nDisclosure of interest\n15. (1) A member of the Corporation or any committee established \nunder section 19 who has or acquires a direct or indirect interest \nby himself, a member of his family or his associate in relation \nto any matter under discussion by the Corporation or committee \nshall disclose to the Corporation or committee, as the case may \nbe, the fact of his interest and the nature of that interest.\n (2) A disclosure under subsection (1) shall be recorded in \nthe minutes of the meeting of the Corporation or committee, as \nthe case may be, in which the matter is discussed and, after the \ndisclosure, the member—\n (a) shall be disregarded for the purpose of constituting a \nquorum of the meeting of the Corporation or committee, \nas the case may be; and\n (b) shall not take part in or be present during any discussion \nor decision of the Corporation or committee, as the case \nmay be,\nwhen the matter is discussed or decided upon.\n (3) Any member of the Corporation or committee who fails to \ndisclose his interest as provided under subsection (1) commits an \noffence and shall, on conviction, be liable to a fine not exceeding \none hundred thousand ringgit or to imprisonment for a term not \nexceeding three years or to both.\n--- Page 16 ---\nLaws of Malaysia\n16\nAct 617\n (4) No act or proceeding of the Corporation or committee shall \nbe invalidated on the ground that any member of the Corporation \nor committee has contravened the provisions of this section.\n (5) For the purpose of this section—\n (a) “a member of his family”, in relation to a member of the \nCorporation or a committee, includes—\n (i) his spouse;\n (ii) his parent (including a parent of his spouse);\n (iii)  his child (including an adopted child or stepchild);\n (iv) his brother or sister (including a brother or sister \nof his spouse); and\n (v) a spouse of his child, brother or sister; and\n (b) “associate”, in relation to a member of the Corporation \nor a committee, means—\n (i) any person who is a nominee or an employee of \nsuch member;\n (ii) any firm of which such member or any nominee \nof his is a partner;\n (iii) a partner of such member;\n (iv) a trustee of a trust under which such member or \na member of his family is a beneficiary; or\n (v) any corporation, within the meaning of the \n*Companies Act 2016 [ Act 777 ], of which such \nmember or any nominee of his or a member \nof his family is a director or has a controlling \ninterest or shares to the total value of not less \nthan thirty per cent of the total issued capital \nof the corporation.\n*NOTE— This Act has repealed the Companies Act 1965 [ Act 125 ]—see section 620 of Act 777.\n--- Page 17 ---\nIntellectual Property Corporation of Malaysia\n17\nMinutes\n16. (1) The Corporation and every committee shall maintain \nminutes of all their meetings in a proper form.\n (2) Any minutes made of meetings of the Corporation or a \ncommittee, if duly signed, shall, in any proceedings, be admissible \nas prima facie evidence of the facts stated in the minutes without \nfurther proof.\n (3) Every meeting of the Corporation or a committee of which \nminutes have been made in accordance with subsections (1) and (2)  \nshall be deemed to have been duly convened and held and all \nmembers at the meeting to have been duly qualified to act.\nPart III\nFUNCTIONS AND POWERS OF THE CORPORATION\nFunctions of the Corporation\n17. The functions of the Corporation shall be—\n (a) to ensure that the provisions of this Act and the Intellectual \nProperty Legislation are administered, enforced, given \neffect to, carried out and complied with;\n (b) to act as agent of the Government and to provide services \nin administering, collecting and enforcing payment of \nprescribed fees or any other charges under the Intellectual \nProperty Legislation;\n (c) to regulate and supervise issues or matters relating to \nintellectual property in relation to the Intellectual Property \nLegislation;\n (d) to advise on the review and updating of the Intellectual \nProperty Legislation;\n (e) to encourage and promote the training and the diffusion \nof knowledge and information on intellectual property;\n--- Page 18 ---\nLaws of Malaysia\n18\nAct 617\n (f) to hold, encourage and provide co-operation programme \nat national or international level on intellectual property \nissues or matters;\n (g) to safeguard the interest of Malaysia in respect of any \nagreement or international convention to which Malaysia \nis a party, and shall to the extent necessary give effect \nto any provision of such agreement or convention;\n (h) to advise the Government on developments at international \nlevel on issues or matters relating to intellectual property;\n (i) to carry out research and to commission studies on issues \nor matters relating to intellectual property;\n (j) to advise the Minister generally on issues or matters \nrelating to intellectual property; and\n (k) to carry out such activities and do such things as are \nnecessary or advantageous and proper for the administration \nof the Corporation, or for such other purposes, consistent \nwith this Act, as may be directed by the Minister.\nPowers of the Corporation\n18. (1) The Corporation shall have power to do all things necessary \nor expedient for or in connection with the performance of its \nfunctions.\n (2) Without prejudice to the generality of subsection (1), the \npowers of the Corporation shall include power—\n (a) to utilize all the properties of the Corporation, movable \nand immovable, in such manner as the Corporation may \nthink expedient;\n (b) to impose fees or charges for services rendered by the \nCorporation as may be prescribed by the Minister by \nregulations made under section 41;\n (c) to appoint such agents, experts or consultants as it deems fit \nto assist the Corporation in the exercise of its functions;\n--- Page 19 ---\nIntellectual Property Corporation of Malaysia\n19\n (d) to grant loans to employees of the Corporation for such \npurposes as may be approved by the Minister;\n (e) to co-operate with any corporate body or government \nagency for the purpose of performing the Corporation’s \nfunctions;\n (f) to appoint and regulate Examiners under the Patents Act \n1983 [ Act 291 ]; and\n (g) to do anything incidental to any of its functions and \npowers.\n (3) The Corporation shall have all such powers as may be \nnecessary for or in connection with, or reasonably incidental to, \nthe performance of its functions and the exercise of its powers \nunder the Intellectual Property Legislation.\n (4) For the avoidance of doubt it is declared that the powers \nof the Corporation shall not include the powers of the Director \nGeneral under the Intellectual Property Legislation.\nThe Corporation may establish committees\n19. (1) The Corporation may establish such committees as it \nconsiders necessary or expedient to assist it in the performance \nof its functions and the exercise of its powers under this Act.\n (2) Members of a committee established under subsection (1) \nmay be appointed from amongst members of the Corporation or \nsuch other persons as the Corporation thinks fit.\n (3) The Corporation may revoke the appointment of any member \nof a committee without assigning any reason for the revocation.\n (4) A member of a committee may resign by giving notice in \nwriting to the Chairman.\n (5) A committee established under this section may elect any of \nits members to be chairman and may regulate its own procedure, \nand in the exercise of its powers such committee shall be subject \nto and act in accordance with any direction given to the committee \nby the Corporation.\n--- Page 20 ---\nLaws of Malaysia\n20\nAct 617\n (6) The members of a committee or any person invited to \nattend any meeting of a committee may be paid such allowances \nand other expenses as the Corporation may determine.\n (7) Meetings of a committee shall be held at such times \nand places as the chairman of the committee may, subject to  \nsubsection (5), determine.\nDelegation of the Corporation’s functions or powers\n20. (1) The Corporation may delegate any of its functions or \npowers to any committee established under section 19 as it may \ndeem necessary or desirable.\n (2) Any function or powers delegated under this section—\n (a) may be so delegated subject to such conditions or \nrestrictions as the Corporation may either generally or \nspecifically impose;\n (b) shall be exercised by the committee in the name and on \nbehalf of the Corporation.\n (3) A delegation under this section shall not preclude the \nCorporation itself from performing or exercising at any time any \nof the functions or powers so delegated.\nPart IV\nPROVISIONS RELATING TO EMPLOYEES\nEmployment of Government employees\n21. (1) The Corporation shall, on the appointed date, accept into \nits employment every person who immediately before that date is \nin the employment or service of the Intellectual Property Division, \nMinistry of Domestic Trade and Consumer Affairs, Malaysia and \nwho was given an option by the Government of Malaysia and \nhas opted to serve as an employee of the Corporation.\n--- Page 21 ---\nIntellectual Property Corporation of Malaysia\n21\n (2) Every such person who opts under subsection (1) to serve \nas an employee of the Corporation shall be employed by the \nCorporation on terms and conditions of service not less favourable \nthan the terms and conditions of service to which he was entitled \nto immediately before the appointed date.\n (3) Until such time as the terms and conditions of service of its \nemployees are drawn up by the Corporation, the scheme and terms \nand conditions of service of employees of the Government shall \ncontinue to apply to every person employed by the Corporation \nunder subsection (1).\n (4) The Minister may by order make such modifications as may \nbe necessary to the scheme and terms and conditions referred to \nin subsection (3) for the purpose of removing any difficulties as \na consequence of the provisions of that subsection.\nSalaries, terms and conditions of service of Government \nemployees to be taken into account\n22. (1) The terms and conditions to be drawn up by the Corporation \nshall take into account the salaries and terms and conditions of \nservice, including any accrued rights to leave, enjoyed by the \npersons while in the employment of the Government before \nopting into the service of the Corporation; and any such term and \ncondition relating to the length of service with the Corporation \nshall provide for the recognition of service with the Government \nby the persons making the option as service with the Corporation.\n (2) Where any person in the service of the Corporation whose \ncase does not fall within the scope of any pension or other \nschemes established under this section retires or dies whilst in the \nservice of the Corporation or is discharged from such service, the \nCorporation may grant to him or to such other person or persons \nwholly or partly dependent on him, as the Corporation thinks fit, \nsuch allowance or gratuity as the Corporation may determine.\n--- Page 22 ---\nLaws of Malaysia\n22\nAct 617\nAppointment of other employees, agents and consultants\n23. (1) Subject to such regulations as may be made under  \nsection 24, the Corporation may, from time to time, appoint and \nemploy, on such terms and conditions as the Corporation may \nthink fit, such other employees as may be necessary for the proper \nadministration of this Act and the Intellectual Property Legislation.\n (2) The Corporation may appoint and employ consultants and \nagents to transact any business or to do any act required to be \ntransacted or done in the execution of its functions or for the \nbetter carrying into effect the purposes of this Act.\nRegulations with respect to employment\n24. (1) The Corporation may, from time to time, make regulations \nwith respect to the employment of employees of the Corporation.\n (2) The regulations made under this section may include \nprovisions for—\n (a) the manner of appointment, and the terms and conditions \nof service of the employees of the Corporation; and\n (b) the payment of gratuities, pensions and other benefits to \nthe employees of the Corporation.\nContinuation and completion of disciplinary proceedings\n25. (1) Where on the appointed date any disciplinary proceedings \nis pending or existing against any employee of the Government \nwho has opted into the service of the Corporation, such proceedings \nshall be continued and completed by the Corporation, and the law \napplicable to such employee immediately before the appointed \ndate in relation to such proceedings shall apply to the proceedings \ncontinued and completed under this section.\n (2) An order, ruling or direction made or given by a disciplinary \nauthority of the Corporation pursuant to this section shall in \nrespect of such employee have the same force and effect as \nan order, ruling or direction made or given by the Disciplinary \nAuthority, Disciplinary Board or Disciplinary Appeal Board, as \nthe case may be, under the laws referred to in subsection (1).\n--- Page 23 ---\nIntellectual Property Corporation of Malaysia\n23\n (3) The Minister may by order make such modifications to \nthe laws referred to in subsection (1) in their application to \nsuch employee as may be necessary for the purpose of removing \ndifficulties as a consequence of the provisions of that subsection.\nProtection from personal liability\n26. No suit or other legal proceedings shall lie personally against \nany member or employee of the Corporation or any other person \nunder the direction of the Corporation for anything which is \ndone or intended to be done in good faith in the execution or \npurported execution of this Act or any of the Intellectual Property \nLegislation.\nPublic servants\n27. All members of the Corporation and its committees and all \nemployees and agents of Corporation while discharging their \nduties as such members, employees or agents shall be deemed \nto be public servants within the meaning of the Penal Code  \n[Act 574 ].\nPublic Authorities Protection Act 1948\n28. The Public Authorities Protection Act 1948 [ Act 198 ] shall \napply to any action, suit, prosecution or proceedings against the \nCorporation or against any employee or agent of the Corporation \nin respect of any act, neglect or default done or committed by \nhim in such capacity or in the capacity of those officers described \nin the Second Schedule.\nPart V\nFINANCE\nThe Fund\n29. (1) A Fund to be known as the “Intellectual Property Fund” to \nbe administered and controlled by the Corporation is established.\n--- Page 24 ---\nLaws of Malaysia\n24\nAct 617\n (2) The Fund shall consist of—\n (a) all moneys received by the Corporation for services \nrendered by the Corporation to the Government as its \nagent or for services rendered by the Corporation to any \nperson;\n (b) all moneys received by the Corporation by way of grants;\n (c) all moneys derived from the disposal, lease or hire of, \nor any other dealings with, any property vested in or \nacquired by the Corporation;\n (d) all moneys derived as income from investments by the \nCorporation;\n (e) all moneys borrowed by the Corporation under this Act; \nand\n (f) all other moneys lawfully received by the Corporation.\nExpenditure to be charged on the Fund\n30. The Fund shall be expended for the purpose of—\n (a) paying any expenditure lawfully incurred by the Corporation, \nincluding legal fees and costs and other fees and costs, \nand the remuneration of employees of the Corporation, \nincluding the granting of loans, superannuation allowances, \npensions or gratuities;\n (b) paying any other expenses, costs or expenditure properly \nincurred or accepted by the Corporation in the performance \nof its functions or the exercise of its powers under this \nAct;\n (c) purchasing or hiring equipment, machinery and materials, \nacquiring land and erecting buildings, and carrying out \nany other works and undertakings in the performance \nof its functions or the exercise of its powers under this \nAct;\n--- Page 25 ---\nIntellectual Property Corporation of Malaysia\n25\n (d) repaying any moneys borrowed under this Act and the \ninterest due on such moneys; and\n (e) generally, paying any expenses for carrying into effect \nthe provisions of this Act.\nExpenditure and preparation of estimates\n31. (1) The expenditure of the Corporation up to such amount \nas may be authorized by the Corporation for any one financial \nyear shall be defrayed out of the Fund.\n (2) Before the beginning of each financial year, an estimate \nof the expenditure for the following financial year in such form \nand containing such particulars as the Minister may direct shall \nbe submitted by the Corporation to the Minister for his approval, \nand the Minister shall, before the beginning of that following \nfinancial year, notify the Corporation of the amount authorized \nfor expenditure generally or of the amounts authorized for each \ndescription of expenditure.\n (3) The Corporation may, at any time, submit to the Minister a \nsupplementary estimate for any one financial year and the Minister \nmay allow the whole or any part of the additional expenditure \nincluded in the supplementary estimate.\nConservation of the Fund\n32. It shall be the duty of the Corporation to conserve the Fund \nby so performing, exercising and discharging its functions, powers \nand duties under this Act as to secure that the total revenues of \nthe Corporation are sufficient to meet all sums properly chargeable \nto its revenue account, including depreciation and interest in \ncapital, taking one year with another.\nStatutory Bodies (Accounts and Annual Reports) Act 1980\n33. The Statutory Bodies (Accounts and Annual Reports)  \nAct 1980 [ Act 240 ] shall apply to the Corporation.\n--- Page 26 ---\nLaws of Malaysia\n26\nAct 617\nPower to borrow\n34. (1) The Corporation may, from time to time, with the prior \napproval of the Minister and the Minister of Finance, borrow, at \nsuch rate of interest and for such period and upon such terms \nas to the time and method of repayment and otherwise as the \nMinister and the Minister of Finance may approve, any sums \nrequired by the Corporation for meeting any of its obligations \nor performing any of its functions under this Act.\n (2) The Corporation may, from time to time, with the prior \napproval of the Minister and the Minister of Finance, borrow \nmoney by the issue of bonds, debenture, debenture stocks or \nsuch other securities upon such terms as it deems expedient for \nmeeting any of its obligations or performing any of its functions \nunder this Act.\nInvestment\n35. The Fund of the Corporation may, in so far as it is not required \nto be expended by the Corporation under this Act, be invested \nin such manner as the Corporation deems fit after consultation \nwith the Minister.\nPower to establish companies\n35a. The Corporation may, with the approval of the Minister and \nMinister of Finance, establish companies under the Companies \nAct 2016 to carry out and have the charge of, to conduct and \nto manage any activity, project and initiative which have been \nplanned or undertaken by the Corporation in the performance of \nits functions under paragraphs 17 (e), (f) and (i).\nPayment to the Federal Consolidated Fund\n36. The Corporation may on the instruction of the Government \ncause to be paid to the Federal Consolidated Fund an amount \nnot exceeding thirty per cent of its current annual surplus after \nthe third year of its operation.\n--- Page 27 ---\nIntellectual Property Corporation of Malaysia\n27\nPart VI\nGENERAL\nInstitution of prosecution\n37. No prosecution for any offence under this Act shall be \ninstituted except by, or with the consent in writing of, the Public \nProsecutor.\nProceedings conducted by officers of the Corporation\n38. A legal officer as defined in the Government Proceedings  \nAct 1956 [ Act 359 ] or a legal officer of the Corporation who \nhas been admitted as an advocate and solicitor under the Legal \nProfession Act 1976 [ Act 166 ] may appear in any civil proceedings \ninvolving the Corporation or any person holding any of the \noffices specified in the Second Schedule in the performance \nof his functions under the Intellectual Property Legislation and \nmay make and do all acts and applications in respect of such \nproceedings on behalf of the Corporation or such person, as the \ncase may be.\nObligation of secrecy\n39. (1) Except as provided in this Act or for the purpose of any \ncivil or criminal proceedings under any written law, no member, \nemployee or agent of the Corporation, whether during his tenure \nof office or during his employment or after that, and no other \nperson who has by any means access to any classified information \nor document relating to the affairs of the Corporation shall give \nor otherwise disclose such information or document to any person.\n (2) Any person who contravenes subsection (1) commits an \noffence and shall, on conviction, be liable to a fine not exceeding \none hundred thousand ringgit or to imprisonment for a term not \nexceeding three years or to both.\n--- Page 28 ---\nLaws of Malaysia\n28\nAct 617\nPower of Minister to amend the First and Second Schedules\n40. The Minister may, by order published in the Gazette , amend \nthe First and Second Schedules.\nRegulations\n41. The Minister may, on the recommendation of the Corporation, \nmake such regulations as may be expedient or necessary for \ncarrying out the purposes of this Act.\n--- Page 29 ---\nIntellectual Property Corporation of Malaysia\n29\nFirst  schedule\n[ "
    },
    {
      "act": "Intellectual Property Corporation of Malaysia Act 2002",
      "section": "2",
      "title": "]",
      "text": "1. *Trade Marks Act 1976 [ Act 175 ]\n2. Patents Act 1983 [ Act 291 ]\n3. Copyright Act 1987 [ Act 332 ]\n4. Industrial Designs Act 1996 [ Act 552 ]\n5. Layout-Designs of Integrated Circuits Act 2000 [ Act 601 ]\n6. Geographical Indications Act 2000 [ Act 602 ]\n7. Any subsidiary legislation made under the Acts specified in items 1, 2, \n3, 4, 5 and 6\nsecond  schedule\n[Sections 28 and 38]\n1. The Chairman\n2. The Director General\n3. The Deputies Director General\n4. The Registrar, Deputy Registrars and Assistant Registrars of Patents\n5. The Registrar, Deputy Registrars and Assistant Registrars of Trade Marks\n6. The Controller, Deputy Controllers and Assistant Controllers of Copyright\n7. The Registrar, Deputy Registrars and Assistant Registrars of Industrial \nDesigns\n8. The Registrar, Deputy Registrars and Assistant Registrars of Geographical \nIndications\n*NOTE—This Act has been repealed by the Trademarks Act 2019 [ Act 815 ] which comes into \noperation on 27 December 2019— see section 164 of Act 815.\n--- Page 30 ---\nLaws of Malaysia\n30\nAct 617\nLAWS OF MALAYSIA\nAct 617\nINTELLECTUAL PROPERTY CORPORATION\nOF MALAYSIA ACT 2002\nLIST OF AMENDMENTS\nAmending law Short title In force from\nAct A1560 Intellectual Property Corporation of \nMalaysia (Amendment) Act 2018\n11-01-2018\n--- Page 31 ---\nIntellectual Property Corporation of Malaysia\n31\nLAWS OF MALAYSIA\nAct 617\nINTELLECTUAL PROPERTY CORPORATION\nOF MALAYSIA ACT 2002\nLIST OF SECTIONS AMENDED\nSection Amending authority In force from\n35a Act A1560 11-01-2018\nHakcipta Pencetak H\nPERCETAKAN NASIONAL MALAYSIA BERHAD\nSemua Hak Terpelihara. Tiada mana-mana bahagian jua daripada penerbitan ini boleh diterbitkan semula atau disimpan di dalam ben tuk\nyang boleh diperolehi semula atau disiarkan dalam sebarang bentuk dengan apa jua cara elektronik, mekanikal, fotokopi, rakaman dan/\natau sebaliknya tanpa mendapat izin daripada Percetakan Nasional Malaysia Berhad (Pencetak kepada Kerajaan Malaysia yang\ndilantik).\nDICETAK OLEH\nPERCETAKAN NASIONA L MALAYSIA BERHAD,\nKUALA LUMPUR\nBAGI PIHAK DAN DENGAN PERINT AH KERAJAAN MALA YSIA\nWJW015329     26-08-2020 "
    }
  ]
}